{"databaseName":"tenant TBD?","databaseVersion":"TBD","applicationVersion":"22.2.0.13282","creator":"tenantadmin@exstream.role","exportCreationDate":"20220922_1810","exportOptions":"Versions:LATEST_APPROVED","versionConfig":{"apiIdentifier":"das/v1","clientVersion":"22.2.0.62409","details":{"git":{"tag":"22.2.0.13264-rc2","hash":"4f82c569e43ad1ea9ae96b04a6740e850e31c6e5","branch":"HEAD","commits":"3673"},"appName":"das","buildNumber":"13282","timestamp":"2022-04-01-15:02:39.985"},"major":"22","minor":"2","patch":"0","versionString":"22.2.0.13282"}}