{"categories":[],"containsActiveRevisions":false,"createdBy":"tenantadmin@exstream.role","createdDate":1628699709524,"description":"","hidden":false,"id":"59402653-1944-43e0-bcd2-426a444768d9","isTrackingRevisions":false,"lastModifiedBy":"tenantadmin@exstream.role","lastModifiedDate":1628699709725,"locked":false,"metadata":{"variableType":"0","variableIsArray":"0","displayName":"0000@hotmail.com","selectionVariable":"0"},"name":"contactDetails_emailAddress2","state":"APPROVED","stateComment":"","type":"exstrvariablebase","version":1}