{"categories":[],"containsActiveRevisions":false,"createdBy":"tenantadmin@exstream.role","createdDate":1610485326972,"description":"The total number of pages created for this entire run of the engine (all queues and breaks).","hidden":false,"id":"00000000-0000-4000-8000-00000000000b","isTrackingRevisions":false,"lastModifiedBy":"tenantadmin@exstream.role","lastModifiedDate":1610485326972,"locked":false,"metadata":{"variableType":"1","variableIsArray":"0","displayName":"1"},"name":"SYS_PageTotalInRun","state":"APPROVED","systemResource":true,"type":"exstrvariablebase","version":13}