{"categories":[],"containsActiveRevisions":false,"createdBy":"tenantadmin@exstream.role","createdDate":1628699903653,"description":"","hidden":false,"id":"57f66d63-c79a-4c05-9017-96ab945f327b","isTrackingRevisions":false,"lastModifiedBy":"tenantadmin@exstream.role","lastModifiedDate":1628699903862,"locked":false,"metadata":{"variableType":"0","variableIsArray":"0","displayName":"54-253465","selectionVariable":"0"},"name":"policyDetails_policyNumber","state":"APPROVED","stateComment":"","type":"exstrvariablebase","version":1}