{"categories":[],"containsActiveRevisions":false,"createdBy":"tenantadmin@exstream.role","createdDate":1610485327124,"description":"The current sheet number in the current output queue.","hidden":false,"id":"00000000-0000-4000-8000-00000000000d","isTrackingRevisions":false,"lastModifiedBy":"tenantadmin@exstream.role","lastModifiedDate":1610485327124,"locked":false,"metadata":{"variableType":"1","variableIsArray":"0","displayName":"1"},"name":"SYS_SheetInQueue","state":"APPROVED","systemResource":true,"type":"exstrvariablebase","version":13}