{"categories":[],"containsActiveRevisions":false,"createdBy":"tenantadmin@exstream.role","createdDate":1610485328089,"description":"The total number of physical pages within the document. This variable counts all physical pages in the document, including blank pages. See SYS_PageTotalInDocument for the total counted pages in the document.","hidden":false,"id":"00000000-0000-4000-8000-00000000003e","isTrackingRevisions":false,"lastModifiedBy":"tenantadmin@exstream.role","lastModifiedDate":1610485328089,"locked":false,"metadata":{"variableType":"1","variableIsArray":"0","displayName":"1"},"name":"SYS_PageTotalPhysicalInDocument","state":"APPROVED","systemResource":true,"type":"exstrvariablebase","version":13}