{"categories":[],"containsActiveRevisions":false,"createdBy":"tenantadmin@exstream.role","createdDate":1628699744786,"description":"","hidden":false,"id":"d7de1f45-dac1-4fbe-9624-2a5434693fed","isTrackingRevisions":false,"lastModifiedBy":"tenantadmin@exstream.role","lastModifiedDate":1628699744979,"locked":false,"metadata":{"variableType":"0","variableIsArray":"0","displayName":"Robertson","selectionVariable":"0"},"name":"contactDetails_lastName","state":"APPROVED","stateComment":"","type":"exstrvariablebase","version":1}