{"categories":[],"containsActiveRevisions":false,"createdBy":"tenantadmin@exstream.role","createdDate":1610485326497,"description":"The date for this run. It may be different than the actual date.","hidden":false,"id":"00000000-0000-4000-8000-000000000002","isTrackingRevisions":false,"lastModifiedBy":"tenantadmin@exstream.role","lastModifiedDate":1610485326497,"locked":false,"metadata":{"variableType":"4","variableIsArray":"0","displayName":"August 1, 2020"},"name":"SYS_DateAsOf","state":"APPROVED","systemResource":true,"type":"exstrvariablebase","version":13}