{"categories":[],"containsActiveRevisions":false,"createdBy":"tenantadmin@exstream.role","createdDate":1628699863201,"description":"","hidden":false,"id":"80be7ae8-d4b9-469f-827d-fe2c18af4e6b","isTrackingRevisions":false,"lastModifiedBy":"tenantadmin@exstream.role","lastModifiedDate":1628699863373,"locked":false,"metadata":{"variableType":"0","variableIsArray":"0","displayName":"CA","selectionVariable":"0"},"name":"policyDetails_addressDetails_state","state":"APPROVED","stateComment":"","type":"exstrvariablebase","version":1}