{"categories":[],"containsActiveRevisions":false,"createdBy":"tenantadmin@exstream.role","createdDate":1610485328141,"description":"The name for the output queue for the current document.","hidden":false,"id":"00000000-0000-4000-8000-000000000046","isTrackingRevisions":false,"lastModifiedBy":"tenantadmin@exstream.role","lastModifiedDate":1610485328141,"locked":false,"metadata":{"variableType":"0","variableIsArray":"0","displayName":"Queue Name"},"name":"SYS_QueueCurrent","state":"APPROVED","systemResource":true,"type":"exstrvariablebase","version":13}