{"categories":[],"containsActiveRevisions":false,"createdBy":"tenantadmin@exstream.role","createdDate":1628699951585,"description":"","hidden":false,"id":"4b554ec3-7580-43f4-addc-d8840632ee59","isTrackingRevisions":false,"lastModifiedBy":"tenantadmin@exstream.role","lastModifiedDate":1628699957184,"locked":false,"metadata":{"variableType":"4","variableIsArray":"0","displayName":"2021-04-15T19:02:40.459Z","selectionVariable":"0","userFriendlyName":""},"name":"reportedDate","state":"APPROVED","stateComment":"","type":"exstrvariablebase","version":2}