{"categories":[],"containsActiveRevisions":false,"createdBy":"tenantadmin@exstream.role","createdDate":1610485328401,"description":"The total number of bytes written to the current queue.","hidden":false,"id":"00000000-0000-4000-8000-00000000004d","isTrackingRevisions":false,"lastModifiedBy":"tenantadmin@exstream.role","lastModifiedDate":1610485328401,"locked":false,"metadata":{"variableType":"1","variableIsArray":"0","displayName":"1024"},"name":"SYS_ByteInQueue","state":"APPROVED","systemResource":true,"type":"exstrvariablebase","version":13}