{"categories":[],"containsActiveRevisions":false,"createdBy":"tenantadmin@exstream.role","createdDate":1610485327475,"description":"The name of the current customer's locale. This is used to determine the type of formatting for numeric, currency, and dates.","hidden":false,"id":"00000000-0000-4000-8000-000000000017","isTrackingRevisions":false,"lastModifiedBy":"tenantadmin@exstream.role","lastModifiedDate":1610485327475,"locked":false,"metadata":{"variableType":"0","variableIsArray":"0","displayName":"United States"},"name":"SYS_LocaleCustomer","state":"APPROVED","systemResource":true,"type":"exstrvariablebase","version":13}