{"categories":[],"containsActiveRevisions":false,"createdBy":"tenantadmin@exstream.role","createdDate":1628712331407,"description":"","hidden":false,"id":"945c7430-a437-4747-a0dd-74f1fa4d25d4","isTrackingRevisions":false,"lastModifiedBy":"tenantadmin@exstream.role","lastModifiedDate":1628712331578,"locked":false,"metadata":{"variableType":"0","variableIsArray":"0","displayName":"000-00-000203","selectionVariable":"0"},"name":"claimNumber","state":"APPROVED","stateComment":"","type":"exstrvariablebase","version":1}