{"categories":[],"containsActiveRevisions":false,"createdBy":"tenantadmin@exstream.role","createdDate":1628699934506,"description":"","hidden":false,"id":"d776918c-298f-4140-b423-759c86fd55b0","isTrackingRevisions":false,"lastModifiedBy":"tenantadmin@exstream.role","lastModifiedDate":1628699940366,"locked":false,"metadata":{"variableType":"4","variableIsArray":"0","displayName":"2022-01-12","selectionVariable":"0","userFriendlyName":""},"name":"policyDetails_policyPeriodExpirationDate","state":"APPROVED","stateComment":"","type":"exstrvariablebase","version":2}