{"categories":[],"containsActiveRevisions":false,"createdBy":"tenantadmin@exstream.role","createdDate":1628699896214,"description":"","hidden":false,"id":"d181b1cc-69ab-47f6-93a3-3bb59864d8d9","isTrackingRevisions":false,"lastModifiedBy":"tenantadmin@exstream.role","lastModifiedDate":1628699896520,"locked":false,"metadata":{"variableType":"0","variableIsArray":"0","displayName":"Allen Robertson","selectionVariable":"0"},"name":"policyDetails_insuredName","state":"APPROVED","stateComment":"","type":"exstrvariablebase","version":1}