{"categories":[],"containsActiveRevisions":false,"createdBy":"tenantadmin@exstream.role","createdDate":1610485327534,"description":"Array of document names selected for this customer.","hidden":false,"id":"00000000-0000-4000-8000-00000000001b","isTrackingRevisions":false,"lastModifiedBy":"tenantadmin@exstream.role","lastModifiedDate":1610485327534,"locked":false,"metadata":{"variableType":"0","variableIsArray":"1","displayName":"Document Names"},"name":"SYS_DocumentNames","state":"APPROVED","systemResource":true,"type":"exstrvariablebase","version":13}