{"categories":[],"containsActiveRevisions":false,"createdBy":"tenantadmin@exstream.role","createdDate":1610485327619,"description":"The last printed page number in the current document being written. See SYS_PagePrintedValue for the current printed page number of a specific page. See SYS_PagePrintedValue for a specific page number.","hidden":false,"id":"00000000-0000-4000-8000-00000000001f","isTrackingRevisions":false,"lastModifiedBy":"tenantadmin@exstream.role","lastModifiedDate":1610485327619,"locked":false,"metadata":{"variableType":"1","variableIsArray":"0","displayName":"1"},"name":"SYS_PageTotalPrinted","state":"APPROVED","systemResource":true,"type":"exstrvariablebase","version":13}