{"categories":[],"containsActiveRevisions":false,"createdBy":"tenantadmin@exstream.role","createdDate":1610485327674,"description":"The total number of sheets in the current document being written. See SYS_SheetInDocument for the current sheet number of a specific page.","hidden":false,"id":"00000000-0000-4000-8000-000000000021","isTrackingRevisions":false,"lastModifiedBy":"tenantadmin@exstream.role","lastModifiedDate":1610485327674,"locked":false,"metadata":{"variableType":"1","variableIsArray":"0","displayName":"1"},"name":"SYS_SheetTotalInDocument","state":"APPROVED","systemResource":true,"type":"exstrvariablebase","version":13}