{"categories":[],"containsActiveRevisions":false,"createdBy":"jmark@opentext.com","createdDate":1654264259513,"description":"The date that the engine is being run to produce documents (today).","hidden":false,"id":"00000000-0000-4000-8000-000000000001","isTrackingRevisions":false,"lastModifiedBy":"jmark@opentext.com","lastModifiedDate":1654264259513,"locked":false,"metadata":{"variableType":"4","variableIsArray":"0","displayName":"August 1, 2020"},"name":"SYS_DateCurrent","state":"APPROVED","systemResource":true,"type":"exstrvariablebase","version":16}