{"categories":[],"containsActiveRevisions":false,"createdBy":"tenantadmin@exstream.role","createdDate":1610485327734,"description":"The current number of counted pages within the document being written. See SYS_PageTotalInDocument for the total counted pages in the document. You can set which pages are counted in the application.","hidden":false,"id":"00000000-0000-4000-8000-000000000032","isTrackingRevisions":false,"lastModifiedBy":"tenantadmin@exstream.role","lastModifiedDate":1610485327734,"locked":false,"metadata":{"variableType":"1","variableIsArray":"0","displayName":"1"},"name":"SYS_PageInDocument","state":"APPROVED","systemResource":true,"type":"exstrvariablebase","version":13}