{"categories":[],"containsActiveRevisions":false,"createdBy":"tenantadmin@exstream.role","createdDate":1628699763853,"description":"","hidden":false,"id":"c75b91fa-1f79-4789-b457-38015112d6b6","isTrackingRevisions":false,"lastModifiedBy":"tenantadmin@exstream.role","lastModifiedDate":1643901883427,"locked":false,"metadata":{"variableType":"0","variableIsArray":"0","displayName":"Hit curb!","selectionVariable":"0"},"name":"accident_description","state":"APPROVED","stateComment":"","type":"exstrvariablebase","version":2}