{"categories":[],"containsActiveRevisions":false,"createdBy":"tenantadmin@exstream.role","createdDate":1628699912586,"description":"","hidden":false,"id":"defd663e-272f-46d8-9562-efaaf8251e0a","isTrackingRevisions":false,"lastModifiedBy":"tenantadmin@exstream.role","lastModifiedDate":1628699924784,"locked":false,"metadata":{"variableType":"4","variableIsArray":"0","displayName":"2021-01-13","selectionVariable":"0","userFriendlyName":""},"name":"policyDetails_policyPeriodEffectiveDate","state":"APPROVED","stateComment":"","type":"exstrvariablebase","version":2}