{"categories":[],"containsActiveRevisions":false,"createdBy":"tenantadmin@exstream.role","createdDate":1610485328355,"description":"The total number of pages within the current queue.","hidden":false,"id":"00000000-0000-4000-8000-00000000004b","isTrackingRevisions":false,"lastModifiedBy":"tenantadmin@exstream.role","lastModifiedDate":1610485328355,"locked":false,"metadata":{"variableType":"1","variableIsArray":"0","displayName":"1"},"name":"SYS_PageInQueue","state":"APPROVED","systemResource":true,"type":"exstrvariablebase","version":13}