{"categories":[],"containsActiveRevisions":false,"createdBy":"tenantadmin@exstream.role","createdDate":1628699720761,"description":"","hidden":false,"id":"d88ec5bd-8c52-4f1b-abed-4c49f1c8bcff","isTrackingRevisions":false,"lastModifiedBy":"tenantadmin@exstream.role","lastModifiedDate":1628699721004,"locked":false,"metadata":{"variableType":"0","variableIsArray":"0","displayName":"Allen","selectionVariable":"0"},"name":"contactDetails_firstName","state":"APPROVED","stateComment":"","type":"exstrvariablebase","version":1}