{"categories":[],"containsActiveRevisions":false,"createdBy":"tenantadmin@exstream.role","createdDate":1610485329006,"description":"The sequence number of the current sub-document being written within the current break (subset) of the current queue.","hidden":false,"id":"00000000-0000-4000-8000-00000000008d","isTrackingRevisions":false,"lastModifiedBy":"tenantadmin@exstream.role","lastModifiedDate":1610485329006,"locked":false,"metadata":{"variableType":"1","variableIsArray":"0","displayName":"1"},"name":"SYS_SubDocumentInBreak","state":"APPROVED","systemResource":true,"type":"exstrvariablebase","version":13}