{"categories":[],"containsActiveRevisions":false,"createdBy":"tenantadmin@exstream.role","createdDate":1628699890452,"description":"","hidden":false,"id":"1b942aab-613e-42e7-81a3-3ad0987714e9","isTrackingRevisions":false,"lastModifiedBy":"tenantadmin@exstream.role","lastModifiedDate":1628699890676,"locked":false,"metadata":{"variableType":"0","variableIsArray":"0","displayName":"Robertson","selectionVariable":"0"},"name":"policyDetails_insuredLastName","state":"APPROVED","stateComment":"","type":"exstrvariablebase","version":1}