{"categories":[],"containsActiveRevisions":false,"createdBy":"tenantadmin@exstream.role","createdDate":1628699842812,"description":"","hidden":false,"id":"9cd1e03f-6f19-4275-9ed8-4665b707227a","isTrackingRevisions":false,"lastModifiedBy":"tenantadmin@exstream.role","lastModifiedDate":1628699842972,"locked":false,"metadata":{"variableType":"0","variableIsArray":"0","displayName":"91101","selectionVariable":"0"},"name":"policyDetails_addressDetails_postalCode","state":"APPROVED","stateComment":"","type":"exstrvariablebase","version":1}