{"categories":[],"containsActiveRevisions":false,"createdBy":"tenantadmin@exstream.role","createdDate":1628699527765,"description":"JSON driver produced from GW Claims Integration View","hidden":false,"id":"eee8a1a9-dc1a-49b0-a7a9-499ab9935a90","isTrackingRevisions":false,"lastModifiedBy":"tenantadmin@exstream.role","lastModifiedDate":1643901892382,"locked":false,"metadata":{"usesDesignPack":"false"},"name":"GW - Claim Ack JSON Driver","state":"APPROVED","stateComment":"","type":"exstrdatasource","version":11}