{"categories":[],"containsActiveRevisions":false,"createdBy":"tenantadmin@exstream.role","createdDate":1628699823764,"description":"","hidden":false,"id":"53d39ffb-fbdf-4a1e-baa2-1e735d36028c","isTrackingRevisions":false,"lastModifiedBy":"tenantadmin@exstream.role","lastModifiedDate":1628699823996,"locked":false,"metadata":{"variableType":"0","variableIsArray":"0","displayName":"4263 Live Oak Blvd.","selectionVariable":"0"},"name":"policyDetails_addressDetails_addressLine1","state":"APPROVED","stateComment":"","type":"exstrvariablebase","version":1}