{"categories":[],"containsActiveRevisions":false,"createdBy":"tenantadmin@exstream.role","createdDate":1628699694425,"description":"","hidden":false,"id":"d69b2f5f-37d9-4ffb-9380-bf27407915b8","isTrackingRevisions":false,"lastModifiedBy":"tenantadmin@exstream.role","lastModifiedDate":1663869724982,"locked":false,"metadata":{"variableType":"0","variableIsArray":"0","displayName":"0000@guidewire.com","selectionVariable":"0"},"name":"contactDetails_emailAddress1","state":"APPROVED","stateComment":"","type":"exstrvariablebase","version":2}