{"categories":[],"containsActiveRevisions":false,"createdBy":"tenantadmin@exstream.role","createdDate":1628699832414,"description":"","hidden":false,"id":"f26f5f2b-4022-4512-87ea-e4c994f0921f","isTrackingRevisions":false,"lastModifiedBy":"tenantadmin@exstream.role","lastModifiedDate":1628699832636,"locked":false,"metadata":{"variableType":"0","variableIsArray":"0","displayName":"San Gabriel","selectionVariable":"0"},"name":"policyDetails_addressDetails_city","state":"APPROVED","stateComment":"","type":"exstrvariablebase","version":1}