{"categories":[],"containsActiveRevisions":false,"createdBy":"tenantadmin@exstream.role","createdDate":1663608558211,"description":"","hidden":false,"id":"82228044-c8af-479e-8f09-21a1fecb1d44","isTrackingRevisions":false,"lastModifiedBy":"tenantadmin@exstream.role","lastModifiedDate":1663677227234,"locked":false,"metadata":{"originalSource":"CommDesigner","hasContentAuthorFrames":true,"defaultSampleFileId":"a24d6a49-5c95-4dc7-925e-9f2755f95a19"},"name":"Claim Acknowledgement","state":"APPROVED","stateComment":"","type":"versionedtemplate","version":5}