{"categories":[],"containsActiveRevisions":false,"createdBy":"tenantadmin@exstream.role","createdDate":1663600569703,"description":"","hidden":false,"id":"78e1a60e-52da-4cc1-9cf9-8da3c91c3f22","isTrackingRevisions":false,"lastModifiedBy":"tenantadmin@exstream.role","lastModifiedDate":1663679561993,"locked":false,"metadata":{"variableType":"5","variableIsArray":"0","displayName":"1500.00","selectionVariable":"0","userFriendlyName":""},"name":"physicalTherapy","state":"APPROVED","stateComment":"","type":"exstrvariablebase","version":2}