{"categories":[],"containsActiveRevisions":false,"createdBy":"tenantadmin@exstream.role","createdDate":1663600570123,"description":"","hidden":false,"id":"5b8173a0-9945-45bb-9b9e-b50e69e1cafc","isTrackingRevisions":false,"lastModifiedBy":"tenantadmin@exstream.role","lastModifiedDate":1663600570171,"locked":false,"metadata":{"variableType":"0","variableIsArray":"0","displayName":"54-253465","selectionVariable":"0"},"name":"policyNumber","state":"APPROVED","stateComment":"","type":"exstrvariablebase","version":1}