{"categories":[],"containsActiveRevisions":false,"createdBy":"tenantadmin@exstream.role","createdDate":1644006539055,"description":"","hidden":false,"id":"e0a6b89f-001e-4578-90db-c6cc0a8313f8","isTrackingRevisions":false,"lastModifiedBy":"tenantadmin@exstream.role","lastModifiedDate":1644006547772,"locked":false,"metadata":{"variableType":"0","variableIsArray":"0","displayName":"","selectionVariable":"0","userFriendlyName":""},"name":"GWAdjusterName","state":"APPROVED","stateComment":"","type":"exstrvariablebase","version":2}