{"categories":[],"containsActiveRevisions":false,"createdBy":"jmark@opentext.com","createdDate":1654265069036,"description":"","hidden":false,"id":"9972c7d5-959d-48cf-ad50-9796efbb4e3f","isTrackingRevisions":false,"lastModifiedBy":"jmark@opentext.com","lastModifiedDate":1654265069493,"locked":false,"metadata":{"variableType":"0","variableIsArray":"0","displayName":"addressLine1","selectionVariable":"0"},"name":"addressLine1","state":"APPROVED","stateComment":"","type":"exstrvariablebase","version":1}