{"categories":[],"containsActiveRevisions":false,"createdBy":"tenantadmin@exstream.role","createdDate":1663600569437,"description":"","hidden":false,"id":"a5347edc-1063-447c-bdaf-a113ab0a90cc","isTrackingRevisions":false,"lastModifiedBy":"tenantadmin@exstream.role","lastModifiedDate":1663679528022,"locked":false,"metadata":{"variableType":"5","variableIsArray":"0","displayName":"250.00","selectionVariable":"0","userFriendlyName":""},"name":"diagnostic","state":"APPROVED","stateComment":"","type":"exstrvariablebase","version":2}