{"categories":[],"containsActiveRevisions":false,"createdBy":"tenantadmin@exstream.role","createdDate":1663600569572,"description":"","hidden":false,"id":"ed9effa2-50c2-4302-bb30-fa215d988a7f","isTrackingRevisions":false,"lastModifiedBy":"tenantadmin@exstream.role","lastModifiedDate":1663679545712,"locked":false,"metadata":{"variableType":"5","variableIsArray":"0","displayName":"1000.00","selectionVariable":"0","userFriendlyName":""},"name":"hospitalER","state":"APPROVED","stateComment":"","type":"exstrvariablebase","version":2}