{"categories":[],"containsActiveRevisions":false,"createdBy":"tenantadmin@exstream.role","createdDate":1663600570240,"description":"","hidden":false,"id":"8ff01bae-8aac-459a-a361-f2c9f217593d","isTrackingRevisions":false,"lastModifiedBy":"tenantadmin@exstream.role","lastModifiedDate":1663600570287,"locked":false,"metadata":{"variableType":"4","variableIsArray":"0","displayName":"2023-03-29","selectionVariable":"0"},"name":"policyPeriodExpirationDate","state":"APPROVED","stateComment":"","type":"exstrvariablebase","version":1}