{"categories":[],"containsActiveRevisions":false,"createdBy":"tenantadmin@exstream.role","createdDate":1644006629918,"description":"","hidden":false,"id":"02abd5a6-a4a8-4079-bb84-0ad53fd0010e","isTrackingRevisions":false,"lastModifiedBy":"tenantadmin@exstream.role","lastModifiedDate":1644006653621,"locked":false,"metadata":{"variableType":"0","variableIsArray":"0","displayName":"","selectionVariable":"0","userFriendlyName":""},"name":"GWAdjusterPhone","state":"APPROVED","stateComment":"","type":"exstrvariablebase","version":2}