{"categories":[],"containsActiveRevisions":false,"createdBy":"tenantadmin@exstream.role","createdDate":1663679854753,"description":"","hidden":false,"id":"3de28606-47fa-4067-9886-0a1406303af7","isTrackingRevisions":false,"lastModifiedBy":"tenantadmin@exstream.role","lastModifiedDate":1663679854850,"locked":false,"metadata":{"variableType":"5","variableIsArray":"0","displayName":"","selectionVariable":"0","userFriendlyName":""},"name":"settlementTotal","state":"APPROVED","stateComment":"","type":"exstrvariablebase","version":1}