{"categories":[],"containsActiveRevisions":false,"createdBy":"tenantadmin@exstream.role","createdDate":1663600569507,"description":"","hidden":false,"id":"4dc8045d-4e9a-47ab-81a9-2b1a56efa0eb","isTrackingRevisions":false,"lastModifiedBy":"tenantadmin@exstream.role","lastModifiedDate":1663679536947,"locked":false,"metadata":{"variableType":"5","variableIsArray":"0","displayName":"1000.00","selectionVariable":"0","userFriendlyName":""},"name":"futureMedical","state":"APPROVED","stateComment":"","type":"exstrvariablebase","version":2}