{"categories":[],"containsActiveRevisions":false,"createdBy":"tenantadmin@exstream.role","createdDate":1610485327066,"description":"The total number of sheets created for this entire run of the engine (all queues and breaks).","hidden":false,"id":"00000000-0000-4000-8000-00000000000c","isTrackingRevisions":false,"lastModifiedBy":"tenantadmin@exstream.role","lastModifiedDate":1610485327066,"locked":false,"metadata":{"variableType":"1","variableIsArray":"0","displayName":"1"},"name":"SYS_SheetTotalInRun","state":"APPROVED","systemResource":true,"type":"exstrvariablebase","version":13}