{"categories":[],"containsActiveRevisions":false,"createdBy":"tenantadmin@exstream.role","createdDate":1643810740327,"description":"","hidden":false,"id":"8e7d237a-4481-4d5f-9483-f3c2e565781e","isTrackingRevisions":false,"lastModifiedBy":"tenantadmin@exstream.role","lastModifiedDate":1644084589571,"locked":false,"metadata":{"variableType":"0","variableIsArray":"0","displayName":"","selectionVariable":"0","userFriendlyName":""},"name":"GW_CompanyName","state":"APPROVED","stateComment":"","type":"exstrvariablebase","version":3}