{"categories":[],"containsActiveRevisions":false,"createdBy":"tenantadmin@exstream.role","createdDate":1663600569767,"description":"","hidden":false,"id":"8604e8dc-0498-4b25-a5e6-c7fa6a3a12a6","isTrackingRevisions":false,"lastModifiedBy":"tenantadmin@exstream.role","lastModifiedDate":1663679569890,"locked":false,"metadata":{"variableType":"5","variableIsArray":"0","displayName":"500.00","selectionVariable":"0","userFriendlyName":""},"name":"treatingPhysician","state":"APPROVED","stateComment":"","type":"exstrvariablebase","version":2}