{"categories":[],"containsActiveRevisions":false,"createdBy":"tenantadmin@exstream.role","createdDate":1663600570066,"description":"","hidden":false,"id":"f5540c21-cb4c-4397-afcc-77444a6584f5","isTrackingRevisions":false,"lastModifiedBy":"tenantadmin@exstream.role","lastModifiedDate":1663600570112,"locked":false,"metadata":{"variableType":"0","variableIsArray":"0","displayName":"Allen Robertson","selectionVariable":"0"},"name":"insuredName","state":"APPROVED","stateComment":"","type":"exstrvariablebase","version":1}