{"categories":[],"containsActiveRevisions":false,"createdBy":"tenantadmin@exstream.role","createdDate":1610485327577,"description":"The total number of counted pages in the current document. The number of counted pages can differ from the number of physical pages if you set a page counting method in the application or use duplex. See SYS_PageInDocument for the current page number.","hidden":false,"id":"00000000-0000-4000-8000-00000000001e","isTrackingRevisions":false,"lastModifiedBy":"tenantadmin@exstream.role","lastModifiedDate":1610485327577,"locked":false,"metadata":{"variableType":"1","variableIsArray":"0","displayName":"1"},"name":"SYS_PageTotalInDocument","state":"APPROVED","systemResource":true,"type":"exstrvariablebase","version":13}