{"categories":[],"containsActiveRevisions":false,"createdBy":"tenantadmin@exstream.role","createdDate":1663600569362,"description":"","hidden":false,"id":"aa78a4f1-317a-4718-a804-510c2f00d71a","isTrackingRevisions":false,"lastModifiedBy":"tenantadmin@exstream.role","lastModifiedDate":1663679520285,"locked":false,"metadata":{"variableType":"5","variableIsArray":"0","displayName":"1000.00","selectionVariable":"0","userFriendlyName":""},"name":"claimantOutOfPocket","state":"APPROVED","stateComment":"","type":"exstrvariablebase","version":2}