{"categories":[],"containsActiveRevisions":false,"createdBy":"tenantadmin@exstream.role","createdDate":1663600569889,"description":"","hidden":false,"id":"1d64fd4d-bcb4-4010-99a9-0c0123357907","isTrackingRevisions":false,"lastModifiedBy":"tenantadmin@exstream.role","lastModifiedDate":1663600569937,"locked":false,"metadata":{"variableType":"1","variableIsArray":"0","displayName":"91101","selectionVariable":"0"},"name":"postalCode","state":"APPROVED","stateComment":"","type":"exstrvariablebase","version":1}