{"categories":[],"containsActiveRevisions":false,"createdBy":"tenantadmin@exstream.role","createdDate":1663600569293,"description":"","hidden":false,"id":"036822fb-1ce7-489d-991a-6f75f17cde9c","isTrackingRevisions":false,"lastModifiedBy":"tenantadmin@exstream.role","lastModifiedDate":1663600569350,"locked":false,"metadata":{"variableType":"4","variableIsArray":"0","displayName":"0000@hotmail.com","selectionVariable":"0"},"name":"emailAddress2","state":"APPROVED","stateComment":"","type":"exstrvariablebase","version":1}