{"categories":[],"containsActiveRevisions":false,"createdBy":"tenantadmin@exstream.role","createdDate":1663600570182,"description":"","hidden":false,"id":"1ab323d8-3165-423c-ad75-ff98772692c4","isTrackingRevisions":false,"lastModifiedBy":"tenantadmin@exstream.role","lastModifiedDate":1663600570230,"locked":false,"metadata":{"variableType":"4","variableIsArray":"0","displayName":"2022-03-30","selectionVariable":"0"},"name":"policyPeriodEffectiveDate","state":"APPROVED","stateComment":"","type":"exstrvariablebase","version":1}