{"categories":[],"containsActiveRevisions":false,"createdBy":"tenantadmin@exstream.role","createdDate":1610485326841,"description":"The total number of documents included in the engine run.","hidden":false,"id":"00000000-0000-4000-8000-00000000000a","isTrackingRevisions":false,"lastModifiedBy":"tenantadmin@exstream.role","lastModifiedDate":1610485326841,"locked":false,"metadata":{"variableType":"1","variableIsArray":"0","displayName":"1"},"name":"SYS_DocumentTotalInRun","state":"APPROVED","systemResource":true,"type":"exstrvariablebase","version":13}