{"categories":[],"containsActiveRevisions":false,"createdBy":"tenantadmin@exstream.role","createdDate":1644006679379,"description":"","hidden":false,"id":"038e568e-232d-40f4-bc73-85eae5495981","isTrackingRevisions":false,"lastModifiedBy":"tenantadmin@exstream.role","lastModifiedDate":1644006702339,"locked":false,"metadata":{"variableType":"0","variableIsArray":"0","displayName":"","selectionVariable":"0","userFriendlyName":""},"name":"GWAdjusterEmail","state":"APPROVED","stateComment":"","type":"exstrvariablebase","version":2}