{"categories":[],"containsActiveRevisions":false,"createdBy":"tenantadmin@exstream.role","createdDate":1644006571664,"description":"","hidden":false,"id":"109e6d0d-11a4-4140-a0fe-ebf6e5ed96d0","isTrackingRevisions":false,"lastModifiedBy":"tenantadmin@exstream.role","lastModifiedDate":1644006600403,"locked":false,"metadata":{"variableType":"0","variableIsArray":"0","displayName":"","selectionVariable":"0","userFriendlyName":""},"name":"GWAdjusterTitle","state":"APPROVED","stateComment":"","type":"exstrvariablebase","version":3}