{"categories":[],"containsActiveRevisions":false,"createdBy":"tenantadmin@exstream.role","createdDate":1663600570007,"description":"","hidden":false,"id":"eafdaee0-cd3b-4696-907a-38228ab238d3","isTrackingRevisions":false,"lastModifiedBy":"tenantadmin@exstream.role","lastModifiedDate":1663600570054,"locked":false,"metadata":{"variableType":"0","variableIsArray":"0","displayName":"Robertson","selectionVariable":"0"},"name":"insuredLastName","state":"APPROVED","stateComment":"","type":"exstrvariablebase","version":1}