{"categories":[],"containsActiveRevisions":false,"createdBy":"tenantadmin@exstream.role","createdDate":1663600569219,"description":"","hidden":false,"id":"03a1521b-1fca-46cd-8b60-b7b82d5f2c95","isTrackingRevisions":false,"lastModifiedBy":"tenantadmin@exstream.role","lastModifiedDate":1663600569280,"locked":false,"metadata":{"variableType":"4","variableIsArray":"0","displayName":"0000@guidewire.com","selectionVariable":"0"},"name":"emailAddress1","state":"APPROVED","stateComment":"","type":"exstrvariablebase","version":1}