{"categories":[],"containsActiveRevisions":false,"createdBy":"tenantadmin@exstream.role","createdDate":1644006477784,"description":"","hidden":false,"id":"b7a110ee-7cb1-4535-983b-ca53f25db902","isTrackingRevisions":false,"lastModifiedBy":"tenantadmin@exstream.role","lastModifiedDate":1644006487208,"locked":false,"metadata":{"variableType":"0","variableIsArray":"0","displayName":"","selectionVariable":"0","userFriendlyName":""},"name":"GWCompanyState","state":"APPROVED","stateComment":"","type":"exstrvariablebase","version":2}