{"categories":[],"containsActiveRevisions":false,"createdBy":"tenantadmin@exstream.role","createdDate":1610485327391,"description":"The name of the current customer's language. This is used to pick the correct language-version of pages and messages and to obtain names of days and months.","hidden":false,"id":"00000000-0000-4000-8000-000000000016","isTrackingRevisions":false,"lastModifiedBy":"tenantadmin@exstream.role","lastModifiedDate":1610485327391,"locked":false,"metadata":{"variableType":"0","variableIsArray":"0","displayName":"English"},"name":"SYS_LanguageCustomer","state":"APPROVED","systemResource":true,"type":"exstrvariablebase","version":13}