{"categories":[],"containsActiveRevisions":false,"createdBy":"tenantadmin@exstream.role","createdDate":1644006501510,"description":"","hidden":false,"id":"9da0e2de-c4d7-4f73-afb6-584828ab3d54","isTrackingRevisions":false,"lastModifiedBy":"tenantadmin@exstream.role","lastModifiedDate":1644006510461,"locked":false,"metadata":{"variableType":"0","variableIsArray":"0","displayName":"","selectionVariable":"0","userFriendlyName":""},"name":"GWCompanyZip","state":"APPROVED","stateComment":"","type":"exstrvariablebase","version":2}