{"categories":[],"containsActiveRevisions":false,"createdBy":"tenantadmin@exstream.role","createdDate":1663600569127,"description":"","hidden":false,"id":"4fd1ce73-67f7-4350-a707-e221fe306768","isTrackingRevisions":false,"lastModifiedBy":"tenantadmin@exstream.role","lastModifiedDate":1663600569206,"locked":false,"metadata":{"variableType":"0","variableIsArray":"0","displayName":"Hit curb!","selectionVariable":"0"},"name":"description","state":"APPROVED","stateComment":"","type":"exstrvariablebase","version":1}