{"categories":[],"containsActiveRevisions":false,"createdBy":"tenantadmin@exstream.role","createdDate":1644006450443,"description":"","hidden":false,"id":"743c2c2d-a5a4-4179-b3a0-c0cbcfef5122","isTrackingRevisions":false,"lastModifiedBy":"tenantadmin@exstream.role","lastModifiedDate":1644006461249,"locked":false,"metadata":{"variableType":"0","variableIsArray":"0","displayName":"","selectionVariable":"0","userFriendlyName":""},"name":"GWCompanyCity","state":"APPROVED","stateComment":"","type":"exstrvariablebase","version":2}