{"categories":[],"containsActiveRevisions":false,"createdBy":"tenantadmin@exstream.role","createdDate":1663600569949,"description":"","hidden":false,"id":"0b6b57ed-fe5f-404c-bb01-f89570cc914f","isTrackingRevisions":false,"lastModifiedBy":"tenantadmin@exstream.role","lastModifiedDate":1663600569997,"locked":false,"metadata":{"variableType":"0","variableIsArray":"0","displayName":"Allen","selectionVariable":"0"},"name":"insuredFirstName","state":"APPROVED","stateComment":"","type":"exstrvariablebase","version":1}