{"categories":[],"containsActiveRevisions":false,"createdBy":"tenantadmin@exstream.role","createdDate":1610485327879,"description":"The initial number of pages in the existing document for the current customer.","hidden":false,"id":"00000000-0000-4000-8000-000000000038","isTrackingRevisions":false,"lastModifiedBy":"tenantadmin@exstream.role","lastModifiedDate":1610485327879,"locked":false,"metadata":{"variableType":"1","variableIsArray":"0","displayName":"1"},"name":"SYS_PageStart","state":"APPROVED","systemResource":true,"type":"exstrvariablebase","version":13}