{"categories":[],"containsActiveRevisions":false,"createdBy":"tenantadmin@exstream.role","createdDate":1628699776983,"description":"","hidden":false,"id":"1ba0d122-3d97-49b1-99b6-1c7cb765d27b","isTrackingRevisions":false,"lastModifiedBy":"tenantadmin@exstream.role","lastModifiedDate":1628699805380,"locked":false,"metadata":{"variableType":"4","variableIsArray":"0","displayName":"2021-04-15T04:01:00.000Z","selectionVariable":"0","userFriendlyName":""},"name":"lossDate","state":"APPROVED","stateComment":"","type":"exstrvariablebase","version":2}