{"categories":[],"containsActiveRevisions":false,"createdBy":"tenantadmin@exstream.role","createdDate":1610485327295,"description":"The current customer number being processed.","hidden":false,"id":"00000000-0000-4000-8000-000000000014","isTrackingRevisions":false,"lastModifiedBy":"tenantadmin@exstream.role","lastModifiedDate":1610485327295,"locked":false,"metadata":{"variableType":"1","variableIsArray":"0","displayName":"1"},"name":"SYS_CustomerInRun","state":"APPROVED","systemResource":true,"type":"exstrvariablebase","version":13}