{"categories":[],"containsActiveRevisions":false,"createdBy":"tenantadmin@exstream.role","createdDate":1663600569637,"description":"","hidden":false,"id":"088679ce-147b-42da-b1ff-d03b145abe60","isTrackingRevisions":false,"lastModifiedBy":"tenantadmin@exstream.role","lastModifiedDate":1663679554737,"locked":false,"metadata":{"variableType":"5","variableIsArray":"0","displayName":"5000.00","selectionVariable":"0","userFriendlyName":""},"name":"other","state":"APPROVED","stateComment":"","type":"exstrvariablebase","version":2}