{"categories":[],"containsActiveRevisions":false,"createdBy":"tenantadmin@exstream.role","createdDate":1644006383184,"description":"","hidden":false,"id":"ff41e3f2-ccb8-4044-a4e9-72a77beab5af","isTrackingRevisions":false,"lastModifiedBy":"tenantadmin@exstream.role","lastModifiedDate":1644006413047,"locked":false,"metadata":{"variableType":"0","variableIsArray":"0","displayName":"","selectionVariable":"0","userFriendlyName":""},"name":"GWCompanyAddress","state":"APPROVED","stateComment":"","type":"exstrvariablebase","version":2}