{"categories":[],"containsActiveRevisions":false,"createdBy":"tenantadmin@exstream.role","createdDate":1643828894942,"description":"","hidden":false,"id":"1e4c5cb6-e4a5-4be5-ac0e-ee23ea074270","isTrackingRevisions":false,"lastModifiedBy":"tenantadmin@exstream.role","lastModifiedDate":1663785276986,"locked":false,"metadata":{"originalSource":"CommDesigner","hasContentAuthorFrames":true,"defaultSampleFileId":"a24d6a49-5c95-4dc7-925e-9f2755f95a19"},"name":"Claim Estimate Letter","state":"APPROVED","stateComment":"","type":"versionedtemplate","version":7}