{"databaseName":"tenant TBD?","databaseVersion":"TBD","applicationVersion":"22.4.0.15482","creator":"tenantadmin@exstream.role","exportCreationDate":"20221004_1854","exportOptions":"Versions:LATEST_APPROVED","versionConfig":{"apiIdentifier":"das/v1","clientVersion":"22.4.0.66472","details":{"git":{"tag":"22.2.0.13230-rc1","hash":"b2e58fecc34c6cf227fcaca81f7e2e7fc3e2df51","branch":"HEAD","commits":"3835"},"appName":"das","buildNumber":"15482","timestamp":"2022-09-15-05:46:28.500"},"major":"22","minor":"4","patch":"0","versionString":"22.4.0.15482"}}