[{"linkSubjectId":"22270b26-62a9-43d9-b20e-312f08acd351","subjectVersion":5,"linkObjectId":"1d64fd4d-bcb4-4010-99a9-0c0123357907"},{"linkSubjectId":"e3ad7e29-4db9-428f-a38c-343c9e7aa39f","subjectVersion":2,"linkObjectId":"1e4c5cb6-e4a5-4be5-ac0e-ee23ea074270"},{"linkSubjectId":"e3ad7e29-4db9-428f-a38c-343c9e7aa39f","subjectVersion":2,"linkObjectId":"5945673f-595e-43e7-9464-ab7a0addc41d"},{"linkSubjectId":"f04a8439-9332-467a-977a-94ff05817c5b","subjectVersion":4,"linkObjectId":"aa78a4f1-317a-4718-a804-510c2f00d71a"},{"linkSubjectId":"899bf5b0-937f-447f-891c-6c1015702d4b","subjectVersion":12,"linkObjectId":"bc01a537-b8d8-41c9-b6b8-26cc5d7ef76e"},{"linkSubjectId":"f04a8439-9332-467a-977a-94ff05817c5b","subjectVersion":4,"linkObjectId":"088679ce-147b-42da-b1ff-d03b145abe60"},{"linkSubjectId":"f04a8439-9332-467a-977a-94ff05817c5b","subjectVersion":4,"linkObjectId":"1d64fd4d-bcb4-4010-99a9-0c0123357907"},{"linkSubjectId":"cc529a99-777c-4a4b-bc64-62fa22530bf5","subjectVersion":9,"linkObjectId":"5b8173a0-9945-45bb-9b9e-b50e69e1cafc"},{"linkSubjectId":"c9f0104b-036e-414e-9d3f-2ec0a5ed3ae6","subjectVersion":22,"linkObjectId":"00000000-0000-4000-8000-00000000008f"},{"linkSubjectId":"c9f0104b-036e-414e-9d3f-2ec0a5ed3ae6","subjectVersion":22,"linkObjectId":"00000000-0000-4000-8000-00000000008e"},{"linkSubjectId":"f04a8439-9332-467a-977a-94ff05817c5b","subjectVersion":4,"linkObjectId":"4dc8045d-4e9a-47ab-81a9-2b1a56efa0eb"},{"linkSubjectId":"c9f0104b-036e-414e-9d3f-2ec0a5ed3ae6","subjectVersion":22,"linkObjectId":"00000000-0000-4000-8000-00000000008d"},{"linkSubjectId":"c9f0104b-036e-414e-9d3f-2ec0a5ed3ae6","subjectVersion":22,"linkObjectId":"00000000-0000-4000-8000-00000000008c"},{"linkSubjectId":"899bf5b0-937f-447f-891c-6c1015702d4b","subjectVersion":12,"linkObjectId":"de0a7238-2014-47a1-839a-6c3505c13cd4"},{"linkSubjectId":"043f2450-5cd1-46bd-bb74-9175461f827a","subjectVersion":1,"linkObjectId":"63fb9612-a866-45ee-9f4e-4475eca2e1b0"},{"linkSubjectId":"cda3c689-9c6d-4a5a-945b-d4768b090f54","subjectVersion":1,"linkObjectId":"a5fca589-01ec-41bc-9af5-a82454eedf4b"},{"linkSubjectId":"1e8a13a7-12fc-4447-b987-b277826f834c","subjectVersion":5,"linkObjectId":"85e8da32-c8a8-4503-a794-f055e3e0c037"},{"linkSubjectId":"1e8a13a7-12fc-4447-b987-b277826f834c","subjectVersion":5,"linkObjectId":"899bf5b0-937f-447f-891c-6c1015702d4b"},{"linkSubjectId":"243611df-7f67-4816-b1c7-5f6617d5afa1","subjectVersion":8,"linkObjectId":"c9f0104b-036e-414e-9d3f-2ec0a5ed3ae6"},{"linkSubjectId":"f04a8439-9332-467a-977a-94ff05817c5b","subjectVersion":4,"linkObjectId":"9b0db2a6-6f48-4a39-94e9-8a006f08f554"},{"linkSubjectId":"41d25ffe-4210-43b2-a4e2-fc136c4bd063","subjectVersion":4,"linkObjectId":"c9f0104b-036e-414e-9d3f-2ec0a5ed3ae6"},{"linkSubjectId":"899bf5b0-937f-447f-891c-6c1015702d4b","subjectVersion":12,"linkObjectId":"033ab0b3-68a2-4171-89a5-d8beedef6276"},{"linkSubjectId":"c9f0104b-036e-414e-9d3f-2ec0a5ed3ae6","subjectVersion":22,"linkObjectId":"038e568e-232d-40f4-bc73-85eae5495981"},{"linkSubjectId":"cc529a99-777c-4a4b-bc64-62fa22530bf5","subjectVersion":9,"linkObjectId":"1ab323d8-3165-423c-ad75-ff98772692c4"},{"linkSubjectId":"f04a8439-9332-467a-977a-94ff05817c5b","subjectVersion":4,"linkObjectId":"ed9effa2-50c2-4302-bb30-fa215d988a7f"},{"linkSubjectId":"e8dbe6ab-ce94-4d69-869f-f887be4eeb27","subjectVersion":3,"linkObjectId":"c9f0104b-036e-414e-9d3f-2ec0a5ed3ae6"},{"linkSubjectId":"c9f0104b-036e-414e-9d3f-2ec0a5ed3ae6","subjectVersion":22,"linkObjectId":"109e6d0d-11a4-4140-a0fe-ebf6e5ed96d0"},{"linkSubjectId":"c9f0104b-036e-414e-9d3f-2ec0a5ed3ae6","subjectVersion":22,"linkObjectId":"00000000-0000-4000-8000-00000000003e"},{"linkSubjectId":"c9f0104b-036e-414e-9d3f-2ec0a5ed3ae6","subjectVersion":22,"linkObjectId":"00000000-0000-4000-8000-00000000003d"},{"linkSubjectId":"c9f0104b-036e-414e-9d3f-2ec0a5ed3ae6","subjectVersion":22,"linkObjectId":"00000000-0000-4000-8000-00000000003b"},{"linkSubjectId":"22270b26-62a9-43d9-b20e-312f08acd351","subjectVersion":5,"linkObjectId":"6d93fc21-247d-4191-9f40-340178c92d09"},{"linkSubjectId":"e3ad7e29-4db9-428f-a38c-343c9e7aa39f","subjectVersion":2,"linkObjectId":"0b5dc6a6-a1c1-43fd-8588-37c50bfb864e"},{"linkSubjectId":"c9f0104b-036e-414e-9d3f-2ec0a5ed3ae6","subjectVersion":22,"linkObjectId":"00000000-0000-4000-8000-000000000038"},{"linkSubjectId":"1e4c5cb6-e4a5-4be5-ac0e-ee23ea074270","subjectVersion":7,"linkObjectId":"243611df-7f67-4816-b1c7-5f6617d5afa1"},{"linkSubjectId":"cc529a99-777c-4a4b-bc64-62fa22530bf5","subjectVersion":9,"linkObjectId":"945c7430-a437-4747-a0dd-74f1fa4d25d4"},{"linkSubjectId":"22270b26-62a9-43d9-b20e-312f08acd351","subjectVersion":5,"linkObjectId":"975c59fa-7ed1-4cf2-ae38-f6fdc67bea66"},{"linkSubjectId":"c9f0104b-036e-414e-9d3f-2ec0a5ed3ae6","subjectVersion":22,"linkObjectId":"00000000-0000-4000-8000-000000000033"},{"linkSubjectId":"c9f0104b-036e-414e-9d3f-2ec0a5ed3ae6","subjectVersion":22,"linkObjectId":"00000000-0000-4000-8000-000000000032"},{"linkSubjectId":"e3ad7e29-4db9-428f-a38c-343c9e7aa39f","subjectVersion":2,"linkObjectId":"41d25ffe-4210-43b2-a4e2-fc136c4bd063"},{"linkSubjectId":"c9f0104b-036e-414e-9d3f-2ec0a5ed3ae6","subjectVersion":22,"linkObjectId":"00000000-0000-4000-8000-000000000050"},{"linkSubjectId":"c9f0104b-036e-414e-9d3f-2ec0a5ed3ae6","subjectVersion":22,"linkObjectId":"00000000-0000-4000-8000-00000000004f"},{"linkSubjectId":"f04a8439-9332-467a-977a-94ff05817c5b","subjectVersion":4,"linkObjectId":"5b8173a0-9945-45bb-9b9e-b50e69e1cafc"},{"linkSubjectId":"c9f0104b-036e-414e-9d3f-2ec0a5ed3ae6","subjectVersion":22,"linkObjectId":"00000000-0000-4000-8000-00000000004d"},{"linkSubjectId":"c9f0104b-036e-414e-9d3f-2ec0a5ed3ae6","subjectVersion":22,"linkObjectId":"cda3c689-9c6d-4a5a-945b-d4768b090f54"},{"linkSubjectId":"c9f0104b-036e-414e-9d3f-2ec0a5ed3ae6","subjectVersion":22,"linkObjectId":"00000000-0000-4000-8000-00000000004b"},{"linkSubjectId":"de0a7238-2014-47a1-839a-6c3505c13cd4","subjectVersion":2,"linkObjectId":"9a31ad86-8529-4ee0-b495-3a33d37afbed"},{"linkSubjectId":"c9f0104b-036e-414e-9d3f-2ec0a5ed3ae6","subjectVersion":22,"linkObjectId":"00000000-0000-4000-8000-00000000004a"},{"linkSubjectId":"1e4c5cb6-e4a5-4be5-ac0e-ee23ea074270","subjectVersion":7,"linkObjectId":"a24d6a49-5c95-4dc7-925e-9f2755f95a19"},{"linkSubjectId":"c9f0104b-036e-414e-9d3f-2ec0a5ed3ae6","subjectVersion":22,"linkObjectId":"00000000-0000-4000-8000-000000000048"},{"linkSubjectId":"043f2450-5cd1-46bd-bb74-9175461f827a","subjectVersion":1,"linkObjectId":"c9f0104b-036e-414e-9d3f-2ec0a5ed3ae6"},{"linkSubjectId":"c9f0104b-036e-414e-9d3f-2ec0a5ed3ae6","subjectVersion":22,"linkObjectId":"00000000-0000-4000-8000-000000000046"},{"linkSubjectId":"899bf5b0-937f-447f-891c-6c1015702d4b","subjectVersion":12,"linkObjectId":"e8e71f3b-17e8-4381-bf87-364b63ce5ece"},{"linkSubjectId":"899bf5b0-937f-447f-891c-6c1015702d4b","subjectVersion":12,"linkObjectId":"85e8da32-c8a8-4503-a794-f055e3e0c037"},{"linkSubjectId":"41d25ffe-4210-43b2-a4e2-fc136c4bd063","subjectVersion":4,"linkObjectId":"63fb9612-a866-45ee-9f4e-4475eca2e1b0"},{"linkSubjectId":"c9f0104b-036e-414e-9d3f-2ec0a5ed3ae6","subjectVersion":22,"linkObjectId":"f04a8439-9332-467a-977a-94ff05817c5b"},{"linkSubjectId":"f04a8439-9332-467a-977a-94ff05817c5b","subjectVersion":4,"linkObjectId":"8c07fb7b-aec4-437f-bc7b-be11420bf005"},{"linkSubjectId":"54360996-2655-4824-94fa-86b320737cfb","subjectVersion":4,"linkObjectId":"63fb9612-a866-45ee-9f4e-4475eca2e1b0"},{"linkSubjectId":"0b5dc6a6-a1c1-43fd-8588-37c50bfb864e","subjectVersion":2,"linkObjectId":"63fb9612-a866-45ee-9f4e-4475eca2e1b0"},{"linkSubjectId":"e3ad7e29-4db9-428f-a38c-343c9e7aa39f","subjectVersion":2,"linkObjectId":"54360996-2655-4824-94fa-86b320737cfb"},{"linkSubjectId":"899bf5b0-937f-447f-891c-6c1015702d4b","subjectVersion":12,"linkObjectId":"22270b26-62a9-43d9-b20e-312f08acd351"},{"linkSubjectId":"f04a8439-9332-467a-977a-94ff05817c5b","subjectVersion":4,"linkObjectId":"a9c91f24-1158-4e0b-a458-5d483f0a8597"},{"linkSubjectId":"c9f0104b-036e-414e-9d3f-2ec0a5ed3ae6","subjectVersion":22,"linkObjectId":"02abd5a6-a4a8-4079-bb84-0ad53fd0010e"},{"linkSubjectId":"cc529a99-777c-4a4b-bc64-62fa22530bf5","subjectVersion":9,"linkObjectId":"9b0db2a6-6f48-4a39-94e9-8a006f08f554"},{"linkSubjectId":"07278aa7-04b5-4185-848d-71b62229a458","subjectVersion":3,"linkObjectId":"c9f0104b-036e-414e-9d3f-2ec0a5ed3ae6"},{"linkSubjectId":"e8dbe6ab-ce94-4d69-869f-f887be4eeb27","subjectVersion":3,"linkObjectId":"63fb9612-a866-45ee-9f4e-4475eca2e1b0"},{"linkSubjectId":"c9f0104b-036e-414e-9d3f-2ec0a5ed3ae6","subjectVersion":22,"linkObjectId":"00000000-0000-4000-8000-000000000064"},{"linkSubjectId":"cc529a99-777c-4a4b-bc64-62fa22530bf5","subjectVersion":9,"linkObjectId":"1ba0d122-3d97-49b1-99b6-1c7cb765d27b"},{"linkSubjectId":"e2d264e0-821a-4aec-aec5-999783b7af1a","subjectVersion":2,"linkObjectId":"63fb9612-a866-45ee-9f4e-4475eca2e1b0"},{"linkSubjectId":"f04a8439-9332-467a-977a-94ff05817c5b","subjectVersion":4,"linkObjectId":"f5540c21-cb4c-4397-afcc-77444a6584f5"},{"linkSubjectId":"f04a8439-9332-467a-977a-94ff05817c5b","subjectVersion":4,"linkObjectId":"9972c7d5-959d-48cf-ad50-9796efbb4e3f"},{"linkSubjectId":"c9f0104b-036e-414e-9d3f-2ec0a5ed3ae6","subjectVersion":22,"linkObjectId":"00000000-0000-4000-8000-000000000001"},{"linkSubjectId":"9a31ad86-8529-4ee0-b495-3a33d37afbed","subjectVersion":4,"linkObjectId":"aa65e64e-789e-472f-9634-6905ff3ed952"},{"linkSubjectId":"f04a8439-9332-467a-977a-94ff05817c5b","subjectVersion":4,"linkObjectId":"0b6b57ed-fe5f-404c-bb01-f89570cc914f"},{"linkSubjectId":"63fb9612-a866-45ee-9f4e-4475eca2e1b0","subjectVersion":2,"linkObjectId":"4961806d-97ff-4301-83c7-022959bd531e"},{"linkSubjectId":"899bf5b0-937f-447f-891c-6c1015702d4b","subjectVersion":12,"linkObjectId":"e2d264e0-821a-4aec-aec5-999783b7af1a"},{"linkSubjectId":"cc529a99-777c-4a4b-bc64-62fa22530bf5","subjectVersion":9,"linkObjectId":"8ff01bae-8aac-459a-a361-f2c9f217593d"},{"linkSubjectId":"5945673f-595e-43e7-9464-ab7a0addc41d","subjectVersion":1,"linkObjectId":"c9f0104b-036e-414e-9d3f-2ec0a5ed3ae6"},{"linkSubjectId":"e3ad7e29-4db9-428f-a38c-343c9e7aa39f","subjectVersion":2,"linkObjectId":"07278aa7-04b5-4185-848d-71b62229a458"},{"linkSubjectId":"899bf5b0-937f-447f-891c-6c1015702d4b","subjectVersion":12,"linkObjectId":"cc529a99-777c-4a4b-bc64-62fa22530bf5"},{"linkSubjectId":"c9f0104b-036e-414e-9d3f-2ec0a5ed3ae6","subjectVersion":22,"linkObjectId":"e0a6b89f-001e-4578-90db-c6cc0a8313f8"},{"linkSubjectId":"c9f0104b-036e-414e-9d3f-2ec0a5ed3ae6","subjectVersion":22,"linkObjectId":"00000000-0000-4000-8000-00000000000e"},{"linkSubjectId":"c9f0104b-036e-414e-9d3f-2ec0a5ed3ae6","subjectVersion":22,"linkObjectId":"00000000-0000-4000-8000-00000000000d"},{"linkSubjectId":"c9f0104b-036e-414e-9d3f-2ec0a5ed3ae6","subjectVersion":22,"linkObjectId":"00000000-0000-4000-8000-00000000000c"},{"linkSubjectId":"c9f0104b-036e-414e-9d3f-2ec0a5ed3ae6","subjectVersion":22,"linkObjectId":"00000000-0000-4000-8000-00000000000b"},{"linkSubjectId":"c9f0104b-036e-414e-9d3f-2ec0a5ed3ae6","subjectVersion":22,"linkObjectId":"00000000-0000-4000-8000-00000000000a"},{"linkSubjectId":"f04a8439-9332-467a-977a-94ff05817c5b","subjectVersion":4,"linkObjectId":"eafdaee0-cd3b-4696-907a-38228ab238d3"},{"linkSubjectId":"c9f0104b-036e-414e-9d3f-2ec0a5ed3ae6","subjectVersion":22,"linkObjectId":"00000000-0000-4000-8000-000000000004"},{"linkSubjectId":"c9f0104b-036e-414e-9d3f-2ec0a5ed3ae6","subjectVersion":22,"linkObjectId":"b7a110ee-7cb1-4535-983b-ca53f25db902"},{"linkSubjectId":"c9f0104b-036e-414e-9d3f-2ec0a5ed3ae6","subjectVersion":22,"linkObjectId":"00000000-0000-4000-8000-000000000003"},{"linkSubjectId":"22270b26-62a9-43d9-b20e-312f08acd351","subjectVersion":5,"linkObjectId":"eafdaee0-cd3b-4696-907a-38228ab238d3"},{"linkSubjectId":"c9f0104b-036e-414e-9d3f-2ec0a5ed3ae6","subjectVersion":22,"linkObjectId":"00000000-0000-4000-8000-000000000002"},{"linkSubjectId":"c9f0104b-036e-414e-9d3f-2ec0a5ed3ae6","subjectVersion":22,"linkObjectId":"00000000-0000-4000-8000-000000000021"},{"linkSubjectId":"c9f0104b-036e-414e-9d3f-2ec0a5ed3ae6","subjectVersion":22,"linkObjectId":"00000000-0000-4000-8000-00000000001f"},{"linkSubjectId":"c9f0104b-036e-414e-9d3f-2ec0a5ed3ae6","subjectVersion":22,"linkObjectId":"00000000-0000-4000-8000-00000000001e"},{"linkSubjectId":"cc529a99-777c-4a4b-bc64-62fa22530bf5","subjectVersion":9,"linkObjectId":"9a31ad86-8529-4ee0-b495-3a33d37afbed"},{"linkSubjectId":"c9f0104b-036e-414e-9d3f-2ec0a5ed3ae6","subjectVersion":22,"linkObjectId":"a7095838-5604-457f-a916-3cd5d6f8a15b"},{"linkSubjectId":"e3ad7e29-4db9-428f-a38c-343c9e7aa39f","subjectVersion":2,"linkObjectId":"e8dbe6ab-ce94-4d69-869f-f887be4eeb27"},{"linkSubjectId":"c9f0104b-036e-414e-9d3f-2ec0a5ed3ae6","subjectVersion":22,"linkObjectId":"00000000-0000-4000-8000-00000000001b"},{"linkSubjectId":"c9f0104b-036e-414e-9d3f-2ec0a5ed3ae6","subjectVersion":22,"linkObjectId":"00000000-0000-4000-8000-000000000017"},{"linkSubjectId":"cc529a99-777c-4a4b-bc64-62fa22530bf5","subjectVersion":9,"linkObjectId":"63fb9612-a866-45ee-9f4e-4475eca2e1b0"},{"linkSubjectId":"9a31ad86-8529-4ee0-b495-3a33d37afbed","subjectVersion":4,"linkObjectId":"6964b773-3e62-44b3-a8c5-748cbda7c28e"},{"linkSubjectId":"c9f0104b-036e-414e-9d3f-2ec0a5ed3ae6","subjectVersion":22,"linkObjectId":"00000000-0000-4000-8000-000000000016"},{"linkSubjectId":"f04a8439-9332-467a-977a-94ff05817c5b","subjectVersion":4,"linkObjectId":"8ff01bae-8aac-459a-a361-f2c9f217593d"},{"linkSubjectId":"c9f0104b-036e-414e-9d3f-2ec0a5ed3ae6","subjectVersion":22,"linkObjectId":"743c2c2d-a5a4-4179-b3a0-c0cbcfef5122"},{"linkSubjectId":"c9f0104b-036e-414e-9d3f-2ec0a5ed3ae6","subjectVersion":22,"linkObjectId":"00000000-0000-4000-8000-000000000014"},{"linkSubjectId":"f04a8439-9332-467a-977a-94ff05817c5b","subjectVersion":4,"linkObjectId":"8604e8dc-0498-4b25-a5e6-c7fa6a3a12a6"},{"linkSubjectId":"c9f0104b-036e-414e-9d3f-2ec0a5ed3ae6","subjectVersion":22,"linkObjectId":"8e7d237a-4481-4d5f-9483-f3c2e565781e"},{"linkSubjectId":"54360996-2655-4824-94fa-86b320737cfb","subjectVersion":4,"linkObjectId":"c9f0104b-036e-414e-9d3f-2ec0a5ed3ae6"},{"linkSubjectId":"c9f0104b-036e-414e-9d3f-2ec0a5ed3ae6","subjectVersion":22,"linkObjectId":"3de28606-47fa-4067-9886-0a1406303af7"},{"linkSubjectId":"f04a8439-9332-467a-977a-94ff05817c5b","subjectVersion":4,"linkObjectId":"1ba0d122-3d97-49b1-99b6-1c7cb765d27b"},{"linkSubjectId":"e3ad7e29-4db9-428f-a38c-343c9e7aa39f","subjectVersion":2,"linkObjectId":"aeb19cbb-31db-44cf-9e91-70acce70ebc1"},{"linkSubjectId":"0b5dc6a6-a1c1-43fd-8588-37c50bfb864e","subjectVersion":2,"linkObjectId":"c9f0104b-036e-414e-9d3f-2ec0a5ed3ae6"},{"linkSubjectId":"a7095838-5604-457f-a916-3cd5d6f8a15b","subjectVersion":1,"linkObjectId":"7e26a4ac-d43f-49fe-a821-cc688ee3a5d6"},{"linkSubjectId":"f04a8439-9332-467a-977a-94ff05817c5b","subjectVersion":4,"linkObjectId":"a5347edc-1063-447c-bdaf-a113ab0a90cc"},{"linkSubjectId":"5945673f-595e-43e7-9464-ab7a0addc41d","subjectVersion":1,"linkObjectId":"63fb9612-a866-45ee-9f4e-4475eca2e1b0"},{"linkSubjectId":"07278aa7-04b5-4185-848d-71b62229a458","subjectVersion":3,"linkObjectId":"63fb9612-a866-45ee-9f4e-4475eca2e1b0"},{"linkSubjectId":"f04a8439-9332-467a-977a-94ff05817c5b","subjectVersion":4,"linkObjectId":"4fd1ce73-67f7-4350-a707-e221fe306768"},{"linkSubjectId":"22270b26-62a9-43d9-b20e-312f08acd351","subjectVersion":5,"linkObjectId":"0b6b57ed-fe5f-404c-bb01-f89570cc914f"},{"linkSubjectId":"f04a8439-9332-467a-977a-94ff05817c5b","subjectVersion":4,"linkObjectId":"036822fb-1ce7-489d-991a-6f75f17cde9c"},{"linkSubjectId":"243611df-7f67-4816-b1c7-5f6617d5afa1","subjectVersion":8,"linkObjectId":"1e8a13a7-12fc-4447-b987-b277826f834c"},{"linkSubjectId":"85e8da32-c8a8-4503-a794-f055e3e0c037","subjectVersion":1,"linkObjectId":"e8e71f3b-17e8-4381-bf87-364b63ce5ece"},{"linkSubjectId":"63fb9612-a866-45ee-9f4e-4475eca2e1b0","subjectVersion":2,"linkObjectId":"986c8f01-6062-4cdc-be4c-4b4f1a71ad74"},{"linkSubjectId":"cc529a99-777c-4a4b-bc64-62fa22530bf5","subjectVersion":9,"linkObjectId":"8c07fb7b-aec4-437f-bc7b-be11420bf005"},{"linkSubjectId":"c9f0104b-036e-414e-9d3f-2ec0a5ed3ae6","subjectVersion":22,"linkObjectId":"47265d0c-3c40-4ad1-b2e3-2a89de11cf06"},{"linkSubjectId":"f04a8439-9332-467a-977a-94ff05817c5b","subjectVersion":4,"linkObjectId":"975c59fa-7ed1-4cf2-ae38-f6fdc67bea66"},{"linkSubjectId":"c9f0104b-036e-414e-9d3f-2ec0a5ed3ae6","subjectVersion":22,"linkObjectId":"9da0e2de-c4d7-4f73-afb6-584828ab3d54"},{"linkSubjectId":"c9f0104b-036e-414e-9d3f-2ec0a5ed3ae6","subjectVersion":22,"linkObjectId":"ff41e3f2-ccb8-4044-a4e9-72a77beab5af"},{"linkSubjectId":"aeb19cbb-31db-44cf-9e91-70acce70ebc1","subjectVersion":1,"linkObjectId":"906c63ff-313b-1346-b6ea-5ae2cd8ddbdd"},{"linkSubjectId":"aeb19cbb-31db-44cf-9e91-70acce70ebc1","subjectVersion":1,"linkObjectId":"63fb9612-a866-45ee-9f4e-4475eca2e1b0"},{"linkSubjectId":"22270b26-62a9-43d9-b20e-312f08acd351","subjectVersion":5,"linkObjectId":"63fb9612-a866-45ee-9f4e-4475eca2e1b0"},{"linkSubjectId":"e3ad7e29-4db9-428f-a38c-343c9e7aa39f","subjectVersion":2,"linkObjectId":"043f2450-5cd1-46bd-bb74-9175461f827a"},{"linkSubjectId":"aeb19cbb-31db-44cf-9e91-70acce70ebc1","subjectVersion":1,"linkObjectId":"c9f0104b-036e-414e-9d3f-2ec0a5ed3ae6"},{"linkSubjectId":"f04a8439-9332-467a-977a-94ff05817c5b","subjectVersion":4,"linkObjectId":"4b554ec3-7580-43f4-addc-d8840632ee59"},{"linkSubjectId":"f04a8439-9332-467a-977a-94ff05817c5b","subjectVersion":4,"linkObjectId":"6d93fc21-247d-4191-9f40-340178c92d09"},{"linkSubjectId":"22270b26-62a9-43d9-b20e-312f08acd351","subjectVersion":5,"linkObjectId":"9972c7d5-959d-48cf-ad50-9796efbb4e3f"},{"linkSubjectId":"85e8da32-c8a8-4503-a794-f055e3e0c037","subjectVersion":1,"linkObjectId":"de0a7238-2014-47a1-839a-6c3505c13cd4"},{"linkSubjectId":"63fb9612-a866-45ee-9f4e-4475eca2e1b0","subjectVersion":2,"linkObjectId":"10aba9de-a03e-4ab5-ae9a-d95d6bf23026"},{"linkSubjectId":"cc529a99-777c-4a4b-bc64-62fa22530bf5","subjectVersion":9,"linkObjectId":"00000000-0000-4000-8000-000000000001"},{"linkSubjectId":"85e8da32-c8a8-4503-a794-f055e3e0c037","subjectVersion":1,"linkObjectId":"033ab0b3-68a2-4171-89a5-d8beedef6276"},{"linkSubjectId":"9a31ad86-8529-4ee0-b495-3a33d37afbed","subjectVersion":4,"linkObjectId":"ee1c94ca-0935-4c45-8afd-6cf749955e51"},{"linkSubjectId":"f04a8439-9332-467a-977a-94ff05817c5b","subjectVersion":4,"linkObjectId":"03a1521b-1fca-46cd-8b60-b7b82d5f2c95"},{"linkSubjectId":"f04a8439-9332-467a-977a-94ff05817c5b","subjectVersion":4,"linkObjectId":"945c7430-a437-4747-a0dd-74f1fa4d25d4"},{"linkSubjectId":"bc01a537-b8d8-41c9-b6b8-26cc5d7ef76e","subjectVersion":1,"linkObjectId":"63fb9612-a866-45ee-9f4e-4475eca2e1b0"},{"linkSubjectId":"243611df-7f67-4816-b1c7-5f6617d5afa1","subjectVersion":8,"linkObjectId":"63fb9612-a866-45ee-9f4e-4475eca2e1b0"},{"linkSubjectId":"f04a8439-9332-467a-977a-94ff05817c5b","subjectVersion":4,"linkObjectId":"78e1a60e-52da-4cc1-9cf9-8da3c91c3f22"},{"linkSubjectId":"63fb9612-a866-45ee-9f4e-4475eca2e1b0","subjectVersion":2,"linkObjectId":"ae2f9248-ade0-4946-bde8-fb1f1b38f511"},{"linkSubjectId":"f04a8439-9332-467a-977a-94ff05817c5b","subjectVersion":4,"linkObjectId":"1ab323d8-3165-423c-ad75-ff98772692c4"},{"linkSubjectId":"9a31ad86-8529-4ee0-b495-3a33d37afbed","subjectVersion":4,"linkObjectId":"52f13153-bed6-4531-a148-7a89c6d0797b"}]